PanStarrs_name,dr7objid,ra_panstarr,dec_panstarr,ra_sdss,dec_sdss,spherical_cos_distance
NGC4254 ,587738568703344969,3.22373971642756,0.25161556614668773,3.2224513084947533,0.2526621746166451,0.9999986739657567
NGC2998 ,587732484348903501,2.5688070090117905,0.7693662670203292,2.568807117882305,0.7693660975408042,0.9999999999999827
NGC257 ,587724197202624647,0.20954929144926998,0.1448113643013711,0.20729508709998962,0.23813422258055764,0.9956461383603732
NGC2730 ,588023239669842054,2.3660721810940064,0.2938837754385612,2.3660726347664625,0.2938825364485884,0.9999999999991381
NGC895 ,587724243103056015,0.6178807636593318,-0.09636643478668971,0.6220790745180116,-0.12900834046395968,0.999458601188829
NGC5720 ,587733412595040281,3.833418654332995,0.8868927245923478,3.8334183120353216,0.886893340110199,0.9999999999997873
NGC1744 ,587727177940009063,1.3088368923033393,-0.4541734176783188,1.104880881239385,-0.11374760328436508,0.9241071382028054
NGC4236 ,587725819097907329,3.2144688765068166,1.2123507279299628,3.218518631906898,1.1998012267275953,0.9999202130783194
UGC4458 ,587739153357078672,2.2348434926304312,0.3937560530937319,2.2346477924644454,0.39374496102376266,0.9999999836078042
NGC3642 ,587732582056525908,2.9770875176076936,1.0310447035023154,2.9770876696942183,1.0310448461579556,0.9999999999999868
UGC10811 ,587725505021280402,4.532309049756568,1.0146490805090806,4.532309353599314,1.0146491987187107,0.9999999999999801
NGC2336 ,587738068350927055,1.9506998761484746,1.399371483927415,2.609535011236931,1.2264233456404714,0.9730282314154725
NGC497 ,587731511532847214,0.35952141981586316,-0.015275296146379572,0.35952131152755545,-0.015275255342850746,0.9999999999999933
NGC3687 ,587741490373328932,3.0020104702603225,0.5150651627535978,3.0020104397539042,0.5150650779340414,0.999999999999996
NGC6301 ,587739861496103175,4.487877155790997,0.7389570463969816,4.487010510065117,0.7387474032833513,0.9999997728016907
UGC7012 ,587741532789211171,3.1505484615805517,0.5209458751352675,3.150548065330301,0.5209455896719953,0.9999999999999001
NGC5789 ,587739131349041270,3.912120786293175,0.5276833696467412,3.912032550423117,0.5277728986871504,0.9999999930866413
PGC07826 ,587724234256941218,0.53815778861966,0.3251480328624608,0.5329857325362231,0.2591744265892935,0.9978122799234728
NGC4051 ,588017604146167988,3.1553818018780997,0.7772183287921264,3.1556127023233054,0.7758440868259269,0.999999042164558
PGC38268 ,587741488766255128,3.164338308000559,0.5023387454468308,3.164338108044033,0.5023385972701069,0.9999999999999737
UGC7244 ,587729386615865431,3.203993933935122,1.0404857130251284,3.203993843618016,1.0404843400159893,0.9999999999990563
NGC2964 ,587739116320391272,2.543397807629556,0.5558418136667169,2.5433971253416923,0.5558391950741159,0.9999999999964035
NGC4299 ,588017702395969540,3.236171347623665,0.2007114677159463,3.2362042240728384,0.20063665057629607,0.9999999966822399
PGC57931 ,587733604266934289,4.284797276280095,0.7059485069186389,4.284797087439048,0.7059484533658706,0.9999999999999881
NGC7047 ,587730846353195114,5.569610758627284,-0.014424971734807933,5.569610546938568,-0.014424673108309501,0.9999999999999329
IC2095 ,587727177940009179,1.259955455942734,-0.08944463350620539,1.1050641967232455,-0.11354016508182058,0.9878626606722389
NGC4457 ,587726016682721340,3.2680571167942,0.062318377205859136,3.268578596435212,0.06358643734727148,0.9999990605795366
NGC4691 ,587724648188543033,3.3520233363113205,-0.05816676251414022,3.3520441748175096,-0.058177241210324346,0.9999999997287107
NGC2906 ,587735342651605014,2.4962732196940083,0.1473366811960817,2.49627307085116,0.14733667444947815,0.9999999999999891
NGC496 ,587724234252615797,0.36299933741631224,0.5851944119609072,0.3544427046020827,0.27488191303510945,0.952208822159404
NGC234 ,587724232101199896,0.18997874001373238,0.2503248951648379,0.1899783775324907,0.2503249209020408,0.999999999999938
NGC7819 ,587727223561650302,0.019238240745957896,0.5492910693852066,0.024521668401920594,0.28326282072004033,0.9648112531887064
NGC7217 ,587727223550378283,5.793940021781217,0.5473239087852838,5.844259018679648,0.2494672906408558,0.9549203295615013
NGC4654 ,588017704545812500,3.33333016189076,0.22910378585568927,3.3333307036618867,0.2291032912869978,0.9999999999997384
UGC5786 ,587731870702633039,2.7871351320656665,0.9338101419456837,2.787171678135408,0.933769182382326,0.9999999989249018
NGC3811 ,588017111830233150,3.0598988527587694,0.8323618319759621,3.0598987059184775,0.8323616664819278,0.9999999999999813
PGC28401 ,587737809578688742,2.581632910085921,1.1430349766870078,2.579404874814547,1.1424678719241557,0.9999994115304821
NGC4496A ,587729157889720337,3.279707189551262,0.06875672228354102,3.2796967252226485,0.06889253928569565,0.9999999907223788
UGC12864 ,587727223560798392,6.271839968909923,0.5409154088378111,6.274677058510106,0.282459543087736,0.9667824794851309
NGC3504 ,587741532246638703,2.8936984784742075,0.4882122250141138,2.8924668855480156,0.48815824692116555,0.9999994069704312
IC1151 ,587739828749009268,4.182415389693482,0.30441107788781535,4.182415871455738,0.30441089341835204,0.9999999999998773
UGC1862 ,588015507674628215,0.6301226775657451,-0.037740301613424586,0.6327847881490993,-0.02138352633956998,0.9998626908522121
UGC3997 ,587725551192703028,2.027399242791992,0.7045258890453382,2.027399083545969,0.7045258299380336,0.9999999999999909
NGC5056 ,587739608095850504,3.47410126350669,0.5401849885458514,3.474101490427749,0.5401848451872643,0.9999999999999707
NGC180 ,587724197201576087,0.16563907639712025,0.15071249703528913,0.1645630315644688,0.2396442954555317,0.9960476171672551
NGC4522 ,587732770521219144,3.288470138659675,0.16013430793633013,3.2884700949694414,0.16013426980945328,0.9999999999999982
UGC4380 ,587737826215198951,2.2014324802265786,0.9573809880267923,2.201431704718882,0.957380929118298,0.9999999999998986
NGC1068 ,587731512615370818,0.7098189490678614,-0.00023177972466484697,0.7096562228083004,-0.0005040417529792882,0.9999999496967784
NGC3955 ,587725039017656487,3.115205195161816,-0.4042912095246201,3.1210889464722253,-0.0650383431852754,0.942987681684945
PGC08941 ,587724234258448481,0.6156917717114804,0.41190398665596895,0.5929872573023123,0.2523355283219485,0.9870672438348361
IC5309 ,587730772810465472,6.1051362416690855,0.14153415956490137,6.0979665891116195,0.2305535651807342,0.9960156169816791
NGC5457 ,587735665842389231,3.6791936821780666,0.9485681225017722,3.6821784756434903,0.9504719096329289,0.9999966785774166
NGC776 ,587724234256154732,0.523198048002041,0.41267245512562206,0.4989372468498302,0.26286840097329983,0.988540026239662
IC 4566 ,587733411526672449,4.08713646956371,0.7599046626123427,4.087136534615674,0.7599044383782192,0.9999999999999738
NGC4540 ,587735349113651229,3.2936450398918384,0.27142854381532733,3.293563282100238,0.2717550605274672,0.9999999435917739
NGC4775 ,587725039024078967,3.376172235440689,-0.11557867012679289,3.377293630756331,-0.06458143328757897,0.9986992994485673
NGC4123 ,587726015606685723,3.177307326073353,0.05023546279430239,3.1773070566712236,0.050235602722110126,0.9999999999999539
NGC2449 ,587731520660242546,2.0391467049213152,0.47002013462180137,2.039147823904974,0.4700203123882108,0.9999999999994865
NGC5630 ,588017627776221322,3.785663478938701,0.7200835794646905,3.7856662049002705,0.7200822361356991,0.9999999999969982
PGC16274 ,587724242846613710,1.2825908055447737,0.06271788307164064,1.099538307727001,-0.07286103294578965,0.9741929607799447
UGC3701 ,587738068348043366,1.8836959880327115,1.2595920783924688,2.3686996813274686,1.150494474973464,0.9796455085356487
NGC4711 ,587739407858466990,3.3543680116284493,0.6166719486194006,3.354367792609211,0.6166719950841981,0.9999999999999828
UGC6628 ,588017109682553003,3.0547440228130043,0.8018421320109632,3.054806848706562,0.8024040066452764,0.99999984119468
NGC1058 ,588848899934388352,0.713403157219757,0.6517293301066595,4.007879904552684,-17357.919293075716,0.9919449235015059
NGC4185 ,587741603105210388,3.1999301093047783,0.4976104739702529,3.199929581889439,0.49761042262175875,0.9999999999998912
NGC3166 ,588010358000910349,2.678046119696564,0.05977700328203019,2.67807605756863,0.059685898512993954,0.9999999954034196
NGC6478 ,587730841530925386,4.662817964436622,0.8928624487658691,4.663570339916672,0.893231689911196,0.9999998205467959
UGC8516 ,587742578060296259,3.542479423875473,0.3490862707511142,3.5424757040577517,0.34908379223756564,0.9999999999908192
PGC24788 ,587732483806003277,2.309390170174538,0.6304094351618478,2.3093903216224647,0.6304095312838824,0.9999999999999879
UGC10796 ,587725589309161584,4.523873698948755,1.0807101417629164,4.523873242828492,1.080709898725202,0.9999999999999474
NGC922 ,587727177927688257,0.6330033434961618,-0.4326351820440828,0.6110394010022412,-0.1735379681530618,0.9664059873175049
IRAS03056+2034 ,587724234258448481,0.8225380717481868,0.3625438064815417,0.5929872573023123,0.2523355283219485,0.9701837050588866
NGC3938 ,588017625616351313,3.1102821449407156,0.7700518323505126,3.11028117523896,0.7700522309291424,0.9999999999996783
NGC4548 ,587735348039974974,3.2962326650408453,0.2530088624885548,3.2959733198769556,0.2541272445592581,0.9999993430972407
NGC925 ,588848899934388352,0.6426359901708437,0.5860670765869043,4.007879904552684,-17357.919293075716,0.982539226458174
UGC12494 ,587731187810041909,6.103751671973478,0.12003013238400444,6.1038709112433525,0.021877237962096754,0.9951868636011392
UGC4555 ,587732470388424740,2.286982760572809,0.6059303197380014,2.286982747204756,0.6059302941832273,0.9999999999999996
NGC5480 ,587733397023424555,3.6929405934984754,0.8853201829363009,3.692940448490883,0.8853193600809125,0.9999999999996572
NGC4136 ,587741532789866544,3.182149218484236,0.5223355062857054,3.182150243840405,0.5223356200494234,0.9999999999995988
NGC5474 ,587735695376711689,3.68712515643083,0.9365824229295515,3.688401947023186,0.9373934140985694,0.9999993852744503
NGC4303 ,587742953860563019,3.237214530917582,0.07807992208184433,3.2366836851509917,0.07843536185708884,0.9999997967938169
NGC4904 ,588848899919315039,3.4076581496795924,-0.0004818854064756344,3.407659143885841,-0.0004808443733505875,0.9999999999989638
NGC551 ,587724234252615797,0.3825660491274954,0.64896437950565,0.3544427046020827,0.27488191303510945,0.9305400780307493
PGC14564 ,587731514234306656,1.0873350625376366,0.15095021087941077,1.0415021228837114,0.021904559810944323,0.9906472036741384
PGC38908 ,587738946146336828,3.195986537859897,0.6826143274841007,3.195986391092298,0.6826145143372055,0.999999999999976
UGC4107 ,587737810106056855,2.0814410941519683,0.8651136335213365,2.0814408935407176,0.8651135384348093,0.999999999999987
UGC3574 ,587738068341621157,1.8028116709087627,0.9979405199809633,2.070831800450323,0.9424363869642953,0.9870844604304682
NGC1614 ,587727177940009179,1.1955398911076787,-0.14972970213349113,1.1050641967232455,-0.11354016508182058,0.9953268992650104
NGC1042 ,587727179003658284,0.6998745865887733,-0.1471930405986426,0.6998746645601289,-0.14719313020393257,0.9999999999999931
NGC192 ,588015510347382842,0.17114663738471356,0.015085578856687787,0.1711450107382504,0.015082470449678677,0.9999999999938464
NGC5427 ,587729772073582641,3.6801757789481644,-0.10525749106219923,3.6817931228545655,-0.05884733726135396,0.9989219436917895
NGC1087 ,587731512078893077,0.7261416172983628,-0.008703084315069724,0.7261415445004179,-0.008703594335848957,0.9999999999998673
NGC1073 ,587731514226049159,0.7141679604979809,0.024017650369619167,0.7136048421767556,0.020160476320760314,0.9999924026402219
IC2163 ,587727177940009179,1.6426442017166447,-0.3730791374453551,1.1050641967232455,-0.11354016508182058,0.8360073616843526
NGC701 ,587727229986603057,0.4846081201087455,-0.16934249053692702,0.48461346962823026,-0.16933899539500571,0.9999999999799898
UGC4368 ,588016878289813653,2.193657387474794,0.42406142662658586,2.193657392607511,0.42406117163070794,0.9999999999999676
NGC6063 ,587736812600426681,4.220278562486246,0.13925964648370234,4.220278496385636,0.13925980610517427,0.999999999999985
NGC4961 ,587741722824343608,3.4286677250833995,0.48405188367613494,3.4286680762326665,0.4840521433182137,0.999999999999918
UGC1087 ,587724232643117116,0.39899675323869527,0.2491893839534904,0.3989997826068787,0.2491893931077336,0.9999999999956904
UGC3740 ,587738068350927055,1.9514496695951316,1.4966994205990285,2.609535011236931,1.2264233456404714,0.9584778603146957
UGC12224 ,587731187807092815,5.989264530760883,0.10635460503000287,5.986810143045538,0.021819025496059383,0.9964260009921359
NGC5682 ,587733397025652815,3.816815511691698,0.8494561102687702,3.816814217164376,0.8494560520915584,0.999999999999633
PGC71106 ,587727223557062900,6.1090655014141,0.4227386415864993,6.118851739141488,0.2757278929412844,0.9891713478032753
NGC6497 ,587730843674804454,4.6744259747587105,1.0379626650584453,4.67442615166387,1.0379624112334949,0.9999999999999638
UGC807 ,587731511532060698,0.3297963682592973,-0.014798123128884321,0.32979638976142733,-0.014798156476736856,0.9999999999999992
PGC32091 ,587725081973358772,2.8151345765907854,-0.17566302589009927,2.823583301421826,-0.05967258556563654,0.9932455688643788
NGC7741 ,587727223559553223,6.212962682857295,0.4551052489659586,6.220932259449734,0.28096647019097987,0.9848487133062788
NGC5016 ,587742189910425622,3.4562378186125278,0.42053725780095885,3.4562377550603425,0.42053735355741856,0.9999999999999937
NGC2805 ,587737810650923091,2.444945180787957,1.1188045706815706,2.4449435023308737,1.1188079252289778,0.9999999999941047
NGC753 ,588848899934388352,0.513577618632123,0.6268543740084607,4.007879904552684,-17357.919293075716,0.9593956321443675
PGC23913 ,587738067808485519,2.231624581890978,1.0645654971161185,2.231625477571121,1.064567052982698,0.9999999999986954
NGC1677 ,587727177940009179,1.2691503740410157,-0.08539407337817696,1.1050641967232455,-0.11354016508182058,0.9863070800990388
PGC72144 ,587727223559356640,6.204161860104113,0.4156506849612252,6.213019278052483,0.2805336562968441,0.9908510897155383
NGC2604 ,587735044149084285,2.240067437614575,0.5155494916210263,2.2400674107937864,0.5155495022821746,0.9999999999999996
NGC45 ,587727177914122338,0.061376597541482995,-0.40460362346072704,0.06143163406720667,-0.1961477750599419,0.9783516409081578
UGC9476 ,587732483834183717,3.846416470338447,0.7768942211500312,3.8464166219240448,0.776894367319724,0.9999999999999836
NGC4351 ,588017566027087895,3.246421666320628,0.21301359548155352,3.246421052927298,0.2130139470122382,0.9999999999997585
UGC1081 ,587724234253271137,0.39609078003412473,0.3742059220104426,0.3813799231050197,0.272709462476063,0.9947566616365175
NGC4536 ,587726032252305549,3.291912800609234,0.03819024749458873,3.292127897864298,0.037189566790439145,0.9999994762185433
IC1528 ,587727227838070931,0.022207220336525453,-0.12380353422681617,0.018072274525284062,-0.15237361867372046,0.9995835177460639
NGC3145 ,587729149310533840,2.6623447886797726,-0.21701039946862055,2.6645026032224615,-0.054857438657927804,0.9868797197114392
NGC7723 ,587727177910386778,6.191343114879916,-0.22621352061438665,6.19244386093844,-0.19347309378330604,0.9994635007296854
NGC160 ,587724234247831955,0.1573749423889271,0.4181440623306243,0.15706701183623722,0.28269460445953787,0.990840696838578
PGC55750 ,587739707954888840,4.102015401436961,0.36094473582086456,4.102015427905543,0.3609444660040118,0.9999999999999634
NGC4027 ,587725039018246328,3.139423383862489,-0.33624152012106195,3.143559459983173,-0.06500326644777904,0.9634318188969551
NGC5101 ,587725039026962554,3.4983845529884623,-0.4787530640670802,3.491942714432872,-0.0631496050985905,0.9148544662026715
NGC5905 ,588011103713361952,3.994136600371192,0.9689607240149991,3.994138796838315,0.9689594091261375,0.9999999999983624
NGC4682 ,587725039023423702,3.347795276198364,-0.17564016207689814,3.350584674249236,-0.06487337743406467,0.9938678069904011
IC2487 ,587741707795824842,2.487760725333256,0.35065148202430274,2.487760568764551,0.35065142137612537,0.9999999999999875
NGC5934 ,587733409915666522,4.050093077920606,0.7492684516177641,4.050091867103028,0.74926792195772,0.9999999999994668
NGC4647 ,588017702398263454,3.3315649358852935,0.20214176503795567,3.3312260149048996,0.20031693894845237,0.9999982798661219
NGC2776 ,587731522281668676,2.409609768350856,0.7846099727072476,2.409610136079704,0.7846103016804017,0.9999999999999121
IC1256 ,587729781203402833,4.554386592129671,0.4622771559282537,4.554384354112996,0.4622773543673132,0.9999999999979741
UGC4284 ,587725774534869026,2.158398944057706,0.8562883761586272,2.1583993880849657,0.8562883084010431,0.9999999999999554
NGC5732 ,588017604159209500,3.8425570237635114,0.6743571747929155,3.842557080387473,0.6743573240594369,0.9999999999999879
NGC289 ,587727177918120074,0.22997330888903283,-0.544644479317622,0.22509212172718365,-0.19472123230156932,0.9393890317702183
PGC26517 ,588010359605887231,2.452639290262449,0.0680203678721246,2.452639020908613,0.06802022765448487,0.9999999999999541
UGC5358 ,587738409251373097,2.6126954074482898,0.19877013798895302,2.612685107200208,0.1987758215028343,0.9999999999328697
PGC15531 ,587724242846613710,1.195269888672395,0.01943459028680726,1.099538307727001,-0.07286103294578965,0.9911780230320022
NGC5394 ,588017978901528618,3.6589120836052667,0.653686716862771,3.6589109737329246,0.6536876866701247,0.9999999999991417
NGC628 ,587724234254254239,0.42191502071248327,0.27547683501532816,0.42262610091566466,0.2692568540855351,0.9999804214616412
UGC4622 ,587731521742438512,2.314029080793414,0.7206361507058718,2.314029697935956,0.720636331464369,0.9999999999998762
NGC3893 ,587732482210594857,3.0920099439357367,0.8501643648792295,3.0923721884880475,0.8500470829125383,0.9999999645508499
PGC72453 ,587727223559880868,6.231146395669199,0.30499489052260753,6.2345160079119095,0.28084046718377664,0.9997030931195356
NGC4814 ,587731892191952986,3.383171180274112,1.0182968186457488,3.3831694918428203,1.0182967061245343,0.9999999999996011
UGC9965 ,587739707954888840,4.102015401436961,0.36094473582086456,4.102015427905543,0.3609444660040118,0.9999999999999634
NGC217 ,587727226231455809,0.1813610022990852,-0.17490694925813535,0.18136110137154476,-0.1749069439806454,0.9999999999999952
NGC4487 ,587725039021523052,3.277179952794374,-0.1405674216922217,3.2746650835604005,-0.06505723477100055,0.9971473357101758
IC467 ,587738068350927055,1.964832854299424,1.3940386303979464,2.609535011236931,1.2264233456404714,0.9740697417415801
NGC477 ,588848899934388352,0.35491060899794447,0.706652223673043,4.007879904552684,-17357.919293075716,0.9170451633304988
PGC33465 ,588017110216671302,2.899934190825733,0.7875836646867955,2.8999340991977625,0.7875832397919986,0.9999999999999076
UGC3091 ,587724242846613710,1.195269888672395,0.01943459028680726,1.099538307727001,-0.07286103294578965,0.9911780230320022
NGC6941 ,587727215220425129,5.394774320670929,-0.0806122202935629,5.394774394790612,-0.08061224523279215,0.9999999999999969
NGC1358 ,587724242842484912,0.9322728559405271,-0.08882678695099941,0.9348336950523608,-0.0941390201715476,0.9999826385641675
PGC36925 ,587725819097055310,3.0950396609842734,1.2968178569424054,3.130034444050646,1.1981449213315387,0.9950754621614756
PGC02162 ,587731187818496165,0.1580214123438658,0.029887716242851695,0.1584917452591486,0.021596091613881138,0.9999655141461059
NGC4490 ,588017947205435524,3.2751277946598796,0.7268231683712666,3.274532012186718,0.7254522037088421,0.9999989609961447
IC674 ,588017604678909995,2.9282525070051917,0.761539687055611,2.9282524094821447,0.7615395578791994,0.9999999999999891
NGC7824 ,587731187815284845,0.022269877656672047,0.1207787041001848,0.030662486316244526,0.022013902722853033,0.9950917675935721
NGC2552 ,587725980687859743,2.1787913710380074,0.8728327012041318,2.178791626219438,0.8728322091967547,0.9999999999998657
UGC4499 ,588007005774151816,2.2588548598147433,0.901504446557119,2.258854626377549,0.9015044282972977,0.9999999999999893
UGC4036 ,587738068348895424,2.0591059411812718,1.2743641961154986,2.4333949573602456,1.1761284424642904,0.9874028152663772
NGC4204 ,588023670245425182,3.2080926651505055,0.36056041431957536,3.20809190664263,0.36056069499895066,0.9999999999997087
NGC5947 ,587733409915863108,4.060551788930257,0.7455549145682957,4.060551723805739,0.7455548699324391,0.9999999999999978
NGC853 ,587727779742810176,0.5745904895574904,-0.1624201656576671,0.5746198270680206,-0.16239184873090656,0.9999999991799823
NGC5520 ,587733397023883322,3.7192086714056156,0.8787457021769634,3.719210153416886,0.8787456966308359,0.9999999999995528
NGC5371 ,587736586036052237,3.646279565012257,0.7061909331517408,3.644334535813526,0.7078134292395928,0.9999975902858684
NGC5378 ,587738574073757740,3.651448183059113,0.6596862861665016,3.651448115939772,0.6596863929853537,0.999999999999993
NGC6509 ,587736920514363621,4.709863314424129,0.1097293736716591,4.48516966882333,0.3079824991746115,0.9566014100221293
NGC5971 ,587725816424366177,4.082390046662911,0.9854423917403571,4.082390521837282,0.9854424342912679,0.9999999999999647
NGC6155 ,587729231977447488,4.30284275901524,0.8441600831865186,4.30284252504401,0.8441598995065497,0.999999999999971
UGC4659 ,587728931342516423,2.332962063453198,0.8221354242897517,2.3329627554053336,0.822136398882325,0.999999999999414
NGC2139 ,587727177940009179,1.5757277545964066,-0.41316551063931045,1.1050641967232455,-0.11354016508182058,0.8565052595662572
NGC237 ,587731186208669747,0.18964765105462902,-0.002180439834516516,0.1896474944456907,-0.0021803491560433517,0.9999999999999837
NGC4030 ,587722981740118046,3.1433107557054565,-0.01920019256826442,3.143310802284402,-0.01920025470403411,0.9999999999999971
NGC1784 ,587727177940009179,1.3327843804370283,-0.20719728574928242,1.1050641967232455,-0.11354016508182058,0.9705158365204505
UGC9177 ,587736477590094017,3.754675158069542,0.18207414383145004,3.7542950753372346,0.18315717560942477,0.9999993436718722
UGC6903 ,588848901522784443,3.1224624487245336,0.02159268990689825,3.1224630287688284,0.02159289162471164,0.9999999999998115
NGC450 ,587731511532060697,0.3294630103721664,-0.015026761260895579,0.3294632604710728,-0.015026867471438846,0.999999999999963
NGC7489 ,587727223555555577,6.05430789052788,0.40139082137365595,6.055630076494366,0.27136635162767264,0.9915579461338693
UGC6537 ,588017111292772356,3.025318993354856,0.8208145591118424,3.025319682646185,0.8208150149683718,0.9999999999997857
NGC2500 ,587737810106712081,2.102627995007778,0.8855296224465402,2.1026251510285463,0.8855292594970825,0.9999999999983142
NGC6154 ,587725994108780659,4.30009020025192,0.869876637050029,4.300089987683278,0.8698768482130553,0.9999999999999685
NGC864 ,587731514223034543,0.591058718247608,0.10476530821313682,0.594084164813356,0.021904034961647296,0.9965644180159643
NGC3614 ,588017110217785386,2.959883807170786,0.798456891393795,2.9598838316299694,0.7984563542587868,0.9999999999998557
PGC56010 ,588018089468756204,4.13019409127626,0.5798551007132061,4.130193688265284,0.5798549497660268,0.9999999999999316
NGC4064 ,587742775632855083,3.1598571751460636,0.32189840432817257,3.159857917805093,0.3219010631731328,0.999999999996217
UGC4256 ,587731680650461206,2.1391322544449403,0.592654996381482,2.139131923746568,0.5926552112911596,0.9999999999999392
NGC5383 ,588017604155277361,3.652463092019148,0.7303550166456023,3.652463086912297,0.7303550108968001,1.0
UGC1529 ,587724197210685502,0.5345782928567447,0.19361077018713257,0.5364992589173997,0.21531119050242836,0.9997627863435428
NGC3106 ,587739408380264507,2.6358290485517744,0.5442889557489908,2.6358291178597937,0.5442890080496685,0.9999999999999969
NGC5205 ,588011125190885402,3.5345519638799896,1.0910327170909118,3.534551485629319,1.0910323680460192,0.9999999999999147
UGC9067 ,587742627983851568,3.7121306631570783,0.26545428178575076,3.7121304369914143,0.26545410234316724,0.9999999999999603
NGC6814 ,587727212536070769,5.160403654731496,-0.1801788907967094,5.387682800698097,-0.11873291394707804,0.9729903163153116
PGC27792 ,588297865257091195,2.544271170387254,0.7172086731208054,2.5449684639058434,0.7164441675161265,0.9999995695928743
NGC2486 ,587734623237111914,2.0854129399307317,0.43913984963334046,2.0854130264548534,0.4391399081375851,0.9999999999999951
NGC5657 ,587739610250412044,3.7992615136739145,0.509301561964737,3.799261759017448,0.5093006201221953,0.9999999999995334
UGC448 ,587724234248486992,0.1848638781078378,0.5173442136908519,0.18205112618892022,0.2825210711074411,0.9725522043203304
NGC1832 ,587727177940009179,1.3615988937228287,-0.27380393692729166,1.1050641967232455,-0.11354016508182058,0.9558821485687451
NGC5668 ,587729159513571471,3.8109510308720713,0.07767518022830683,3.810948600483024,0.07767570276524977,0.9999999999969277
NGC4725 ,587742190981939260,3.3616919367685933,0.44507292189257003,3.361044302089663,0.4439443575509707,0.9999991922350142
IC1199 ,587742629070569729,4.234921351311703,0.17523751461846304,4.236568057150333,0.1748231607756974,0.9999985994496948
NGC3994 ,587739505541578866,3.131183684463824,0.5633507437075721,3.1311836830723783,0.563350835973581,0.9999999999999958
UGC7154 ,587738947219881993,3.1853363642313024,0.6961046754044656,3.1853338839711474,0.6961066352895767,0.9999999999962683
UGC8781 ,587742014903943216,3.6319388926803207,0.3759325762394406,3.631938811216554,0.3759326260520451,0.9999999999999959
PGC28310 ,587745244163866807,2.575183045835176,0.2842560156857849,2.57518316544142,0.28425576572603006,0.9999999999999623
UGC9837 ,587725816423383204,4.031105117389385,1.013214943462717,4.031104531155332,1.0132155797551665,0.9999999999997494
NGC177 ,587727177916416083,0.16394017290322896,-0.3935586563553314,0.15528507822893098,-0.195802550933207,0.9804759724717085
NGC5000 ,587739706865877000,3.446115258016811,0.5045214542093748,3.4461151559360284,0.5045213568462873,0.9999999999999912
PGC23333 ,588016879363424344,2.178427295356041,0.4327133727945721,2.1784271547661223,0.4327136447670077,0.999999999999955
NGC2487 ,587734623237111983,2.087156698386399,0.4389365187754831,2.0871563301341967,0.4389367178881472,0.9999999999999246
NGC5669 ,588017702946930712,3.807980480485177,0.17262074247094797,3.8080135898320107,0.1726427513195235,0.999999999225864
NGC5204 ,587729386620125296,3.5325835815495905,1.019599008800662,3.5305529378401275,1.019921759414249,0.9999993827357773
NGC36 ,587731187815874707,0.0496179653049468,0.1115155436281501,0.053152683356989666,0.021824173267593977,0.9959742179349017
PGC23598 ,587737826215198951,2.2014324802265786,0.9573809880267923,2.201431704718882,0.957380929118298,0.9999999999998986
NGC5406 ,587736584426094619,3.666654538700039,0.6792022087964517,3.666654518230224,0.6792023752743019,0.999999999999986
UGC2885 ,588848899934388352,1.016968448552056,0.6211965401722706,4.007879904552684,-17357.919293075716,0.9924993219173267
NGC171 ,587727177916416083,0.1630086906814396,-0.3479182964156796,0.15528507822893098,-0.195802550933207,0.9884251880021715
NGC5633 ,587732484369743913,3.7850651800711175,0.8054088868703388,3.785065800066627,0.8054095345281056,0.999999999999698
NGC5850 ,587726032269017171,3.958093107856556,0.026952072440997236,3.9580934443365403,0.026952644123277993,0.9999999999997801
NGC2276 ,587738068350927055,1.9514496695951316,1.4966994205990285,2.609535011236931,1.2264233456404714,0.9584778603146957
NGC3992 ,588013384353316919,3.1311192818144256,0.931561285204489,3.1301493565423324,0.9298928945350076,0.9999984404491853
NGC1 ,587727223561650302,0.03169517921621703,0.4835972254059904,0.024521668401920594,0.28326282072004033,0.9799782158009701
UGC1635 ,587731514222313739,0.5605226121876405,0.11161240940163578,0.5643138674182042,0.022050371105519037,0.9959848605106628
UGC3995 ,587731873383710955,2.02525824739857,0.51045068674425,2.025245828961051,0.5104641210996884,0.9999999998510568
PGC05673 ,587724232643117116,0.39899675323869527,0.2491893839534904,0.3989997826068787,0.2491893931077336,0.9999999999956904
NGC2608 ,587735240099692630,2.2483718887284896,0.49695492830320387,2.248372022651006,0.49695495818739627,0.9999999999999927
UGC3140 ,587724242846613710,1.2344502614516402,0.010796257686986523,1.099538307727001,-0.07286103294578965,0.9874405839832853
NGC4701 ,587726033864556575,3.3562386555207366,0.059144146895257044,3.3562380797144162,0.059144216659651805,0.9999999999998324
NGC6060 ,587739381534425288,4.214386854530289,0.3749834661922061,4.214387805408408,0.3749824985350912,0.9999999999991402
NGC5888 ,587732483837067338,3.9842501828232697,0.7202036581172276,3.984250253713465,0.7202036708140652,0.9999999999999984
UGC8733 ,588017627236073588,3.6156603812798944,0.7576891416598611,3.6156658772982344,0.7576904297632298,0.9999999999912005
NGC7743 ,587730772813152365,6.214909423104969,0.1733824041565183,6.207061109201372,0.23661561961916616,0.9979719554454832
PGC03512 ,588015509812674591,0.25662588283038784,0.010249620565261899,0.2566260951756828,0.010249326613385058,0.9999999999999344
UGC4936 ,587737810650923091,2.444945180787957,1.1188045706815706,2.4449435023308737,1.1188079252289778,0.9999999999941047
NGC7549 ,587727223556473127,6.0880887382002316,0.332340185644079,6.094791664929683,0.2743365159005026,0.9982978175237412
UGC8196 ,587733197844709467,3.4298939934158503,0.9713820192862909,3.4298949534850647,0.9713813831438313,0.9999999999996511
NGC3319 ,588017604139352106,2.7888513143191527,0.7275698202252698,2.7888514630830414,0.7275697862654421,0.9999999999999931
PGC06855 ,587724197746311361,0.48650476940688775,0.22919157591706457,0.48650476211982924,0.22919165772391037,0.9999999999999967
PGC32638 ,587734947522740233,2.8467756506001907,0.18408423953097192,2.846774568937937,0.18408480456713996,0.999999999999275
NGC2207 ,587727177940009179,1.6422115345950754,-0.3730234614422165,1.1050641967232455,-0.11354016508182058,0.83622371700258
PGC20938 ,587725774258897265,1.9407555136693868,0.5725372842254443,1.9543667059603116,0.5961191788399769,0.9996575301428602
NGC1012 ,588848899934388352,0.6948529252649353,0.5262410295528931,4.007879904552684,-17357.919293075716,0.9853016394326136
NGC4731 ,587725039023817357,3.3642013711671104,-0.11157994627754869,3.3682961746123357,-0.06447491918373147,0.9988824490896258
NGC7716 ,587731186738200620,6.18075263151174,0.0051885148003287425,6.180752679939408,0.005188291755441849,0.9999999999999738
UGC11262 ,587730843680440946,4.845886945941708,0.7451290542308091,4.727902611726629,0.8158811790750832,0.9939967520220727
UGC3973 ,587738067802783880,2.018240453009226,0.8693423917659935,2.020274617314703,0.8697908991897495,0.9999990382807769
NGC4736 ,588017947207139390,3.3636175585323187,0.7176874169346275,3.3634055800042106,0.7189326555479605,0.9999992119540024
UGC12274 ,587727223554834642,6.014083112724242,0.45486666245721097,6.026578715191603,0.269070223243032,0.982721829148605
NGC4151 ,587738946683011119,3.1875949948163087,0.687759732651905,3.187594246799153,0.6877622989506037,0.9999999999965401
PGC58410 ,587729652884963589,4.324335267023074,0.7183084050824871,4.3243352458403965,0.7183085049071382,0.9999999999999949
NGC6004 ,587739720308424791,4.146809451222321,0.3305527939571117,4.146809289208329,0.33055273738265145,0.9999999999999866
NGC23 ,587727223561978075,0.043153963887260595,0.4524553155626556,0.04021918422489146,0.2832201624062244,0.9857101583760847
NGC1645 ,587727177940009179,1.2396480264970045,-0.09539271559700208,1.1050641967232455,-0.11354016508182058,0.9908916690390935
UGC12816 ,587731187813711982,6.247598741863123,0.0538036139170796,6.249686733088579,0.02198868926456384,0.9994917717995816
IC776 ,587732769982775318,3.2247066288331645,0.154568278418795,3.2247287296270057,0.15456771710081116,0.9999999997614084
NGC4102 ,587732135922303046,3.169444617793119,0.9199818982821327,3.169445408110405,0.91998122452115,0.9999999999996584
UGC5 ,588015507659096156,0.013501518027577736,-0.03340228575759268,0.014780608690855046,-0.02160809488712822,0.9999296319479003
UGC7917 ,587738951489486893,3.335483898187721,0.6478875113571695,3.3354836501755796,0.6478873175669515,0.9999999999999618
NGC7321 ,587727223552606486,5.918703836162481,0.37737177474063516,5.935678004066243,0.26036916074236094,0.9930335916809119
NGC5218 ,587728676861051075,3.5437732364499763,1.0955039015686707,3.5437706578624915,1.095503831713873,0.9999999999993013
UGC10310 ,588007004192702550,4.2599375045463885,0.8211147557431855,4.259905222425058,0.8210957912266691,0.9999999995782298
NGC768 ,588015509819228215,0.5178489629105287,0.009236631467404392,0.5178492220856918,0.009236694446814403,0.9999999999999643
UGC463 ,587724232101199896,0.18997874001373238,0.2503248951648379,0.1899783775324907,0.2503249209020408,0.999999999999938
NGC6032 ,587739380460486809,4.201962030118267,0.3657501508503805,4.201962059811972,0.36575001756328734,0.9999999999999909
NGC428 ,588015510351052863,0.31821052361870855,0.01713145380587554,0.3182148988213645,0.017130470885462178,0.9999999999899484
NGC5964 ,588017990702858481,4.091067649170902,0.10426614404706644,4.091823050249931,0.1034898270584587,0.9999994164183197
NGC3631 ,587731868020834516,2.9716321419647347,0.9279840583696014,2.9691678331442963,0.9265686578147737,0.9999979051606667
NGC2525 ,588848899350659842,2.1189780649075356,-0.19943929722416764,2.139324194433565,-0.00951612505556047,0.9818158783740344
UGC3691 ,587735237145591984,1.867595325683064,0.2649134042505577,1.9647052582817746,0.30254800997491216,0.9949513229976639
NGC3206 ,587729387683119130,2.7130846516279012,0.9936232735432301,2.7130847431620952,0.9936232680385944,0.9999999999999987
NGC2916 ,587741709407158353,2.5087364413495745,0.3788284265343496,2.508736310154536,0.3788282599987552,0.9999999999999788
NGC1300 ,587727177933586605,0.8712887829478175,-0.33879214428992643,0.8494385409310815,-0.14884145801972865,0.9817908983254962
NGC444 ,587724234251501689,0.33085630671403343,0.5424526948429677,0.30806736207048485,0.27756130975532944,0.9649070720065129
NGC4644 ,587733196769591327,3.3279543732616923,0.9624707171914583,3.327954530210635,0.9624710309839636,0.9999999999999467
NGC5930 ,588018055655784570,4.041014747816358,0.727384466258708,4.041015422082514,0.7273847434354552,0.9999999999998348
UGC12308 ,587730774419439819,6.027108330398951,0.2502727098202033,6.027107749732272,0.2502729845062506,0.999999999999804
NGC7664 ,587727223557587216,6.137723807731847,0.43773101986113067,6.141219893378684,0.2771875417069637,0.9871352277962385
NGC488 ,587731514217136203,0.35683623076166987,0.09174707185543632,0.35672307220756866,0.022079557666341693,0.9975741937451753
NGC2540 ,587734621627940968,2.150132890187335,0.4600998576863908,2.1501327502731726,0.46009963629854495,0.9999999999999676
PGC26140 ,587741816240799826,2.4261380363672425,0.307000273833149,2.4261377688859525,0.30700023464652443,0.9999999999999666
NGC4618 ,588017719573086236,3.3228779085993416,0.7182166007638321,3.3232089702829284,0.7180591830318953,0.9999999565345516
UGC3253 ,587738068350927055,1.3949468997406844,1.4669944403288606,2.609535011236931,1.2264233456404714,0.9484195512703927
NGC3898 ,587735694831255660,3.0947138080129264,0.9788567408738069,3.094581892596045,0.9792784550595016,0.9999999083714208
NGC4047 ,588297865805168661,3.1540049116312012,0.8488618256584661,3.1540050378238993,0.848861794687225,0.999999999999996
NGC278 ,588848899934388352,0.22720626389292103,0.8299127859695636,4.007879904552684,-17357.919293075716,0.8696040555376301
UGC12391 ,587730772809482471,6.0604507513631996,0.21027779187905243,6.057234778271448,0.22812284304617453,0.999835854991819
NGC3433 ,587732772657758339,2.845168202359104,0.17712142301306574,2.845167964015615,0.1771213329264984,0.9999999999999684
NGC3057 ,587738197198503973,2.642672833614694,1.4012496327354862,2.6292446684338135,1.2263602629939692,0.98474065773057
NGC1169 ,588848899934388352,0.8010151950113684,0.809594710015397,4.007879904552684,-17357.919293075716,0.9808628538751784
PGC19767 ,587738068341621157,1.7996810738294606,0.9976787205931642,2.070831800450323,0.9424363869642953,0.9868285687146234
NGC214 ,587724234248486992,0.18093461836282296,0.44504918541474286,0.18205112618892022,0.2825210711074411,0.9868208140290945
PGC31159 ,587742774549479605,2.761079111662643,0.2768237055990922,2.7610788986955606,0.27682356457233825,0.999999999999969
NGC4470 ,588017729763147815,3.2708765216678715,0.13655787680161513,3.2708760926651035,0.13655645524127452,0.9999999999988992
UGC312 ,587724197200855107,0.1370017140303973,0.1477740607066315,0.13331141454853226,0.23960629459973387,0.9957798403042796
NGC7691 ,587727223558111314,6.162788132053887,0.27659681279633297,6.162789863285068,0.2765994875415254,0.9999999999950361
NGC5135 ,587729772069323020,3.5156791950793993,-0.5206957694534567,3.5130762459488802,-0.06280862503372901,0.8969855620845679
UGC1908 ,587724197748801704,0.6397584658330806,0.21215053016644234,0.5883647919529068,0.21960625051551905,0.9987124439927088
UGC3809 ,587738068350927055,1.9506998761484746,1.399371483927415,2.609535011236931,1.2264233456404714,0.9730282314154725
UGC6918 ,587731869633871916,3.126184886953187,0.962116938952079,3.1261856194680493,0.9621168310937105,0.9999999999999065
NGC4210 ,587728679541604461,3.2081940687800463,1.1516614410479151,3.2081945197294393,1.151661195026742,0.9999999999999528
UGC11318 ,588011503142961429,4.8834493985043546,0.971132786269106,4.702911861335807,0.9667945736542389,0.9947811864494074
NGC7653 ,587727223020453936,6.129695118639749,0.2666093406847206,6.129694874019375,0.26660941593895465,0.9999999999999695
NGC4800 ,588017110225059967,3.3799606471150683,0.8121219467722847,3.379728000846263,0.8122706154553201,0.9999999761426073
NGC5522 ,587742627984244860,3.7299412245749046,0.2643631019374039,3.7299410145497665,0.2643630058316149,0.9999999999999748
NGC4094 ,587725039019032700,3.167333292996981,-0.2535338575275547,3.175886154362138,-0.06521719919883728,0.9822854267088518
NGC3887 ,587725039016738820,3.085201763589557,-0.2941684386395615,3.0836188232267108,-0.06469360146508117,0.9737847895300102
NGC7448 ,587727223554637961,6.021647020636535,0.2789093740552254,6.019379904331148,0.26838190097594955,0.9999422045150963
IC750 ,588017948813492313,3.1366622729858347,0.7456477660845019,3.1366623266390534,0.7456478353141455,0.9999999999999969
NGC4178 ,587732772666474638,3.197330441383933,0.18964695292292827,3.198548317033396,0.18914848902366707,0.9999991604425641
NGC779 ,587727884967018601,0.5223101990115514,-0.10407729942200065,0.5259982433166918,-0.1365357465103524,0.9994665697756937
NGC4579 ,588017702934544515,3.306200589464835,0.20626632712626863,3.3076708611259398,0.20703356238833298,0.9999986703295151
NGC5690 ,587726032802611334,3.829621516012356,0.0399823515705365,3.8287021914817423,0.03967663257226944,0.9999995313592104
NGC2268 ,587738068350927055,1.8949505691812718,1.4727486163397607,2.609535011236931,1.2264233456404714,0.9617302119490678
NGC4162 ,587741724967305222,3.1934050213632723,0.4210374691645805,3.193406702440776,0.4210365689140483,0.9999999999984178
NGC150 ,587727177916088454,0.14947872378705437,-0.485264014841645,0.1415997514189946,-0.1961761258502655,0.9584773681142857
NGC5443 ,587735697523671062,3.6747762538412694,0.9741385923068907,3.674776191708194,0.9741385240713413,0.9999999999999971
NGC7314 ,587730815752470678,5.915661901809179,-0.45466647319200726,5.929481357159276,-0.18011682416990862,0.9624629928613735
NGC5676 ,587733410447425641,3.808224477514606,0.8632031961221035,3.8056887719103067,0.8633084887014901,0.9999986363012018
NGC4951 ,587725039025193297,3.4257685586629116,-0.11333871456478337,3.4233691696646065,-0.06394861203821275,0.998777702589278
NGC3370 ,587742865815633973,2.8233646766785645,0.30148154273834293,2.82336475392106,0.3014814298648127,0.9999999999999909
NGC5750 ,587722982832013381,3.866713078742814,-0.0038912115673213577,3.866713196854044,-0.003891057617625831,0.9999999999999811
NGC2713 ,587728879794782218,2.3445957301152913,0.05098647797143555,2.344595764530165,0.05098660721665733,0.9999999999999911
NGC2748 ,587738068350927055,2.4160461935663604,1.334746305049195,2.609535011236931,1.2264233456404714,0.9926654706864889
NGC210 ,587727177916874854,0.1770797096439431,-0.24212621100359455,0.17442457642763845,-0.19562472821213775,0.9989156440905863
NGC470 ,587731514216874109,0.34796419857500704,0.059514680295455445,0.3474710513723052,0.02209348921585343,0.9992997875800917
NGC6118 ,587722952234238598,4.283955678514784,-0.03985354627173932,4.286255690931857,-0.01030486895729804,0.9995608268111891
NGC3430 ,587739295086805083,2.845716061211305,0.5750934934479152,2.84571614289233,0.5750932157584722,0.9999999999999591
NGC1324 ,587724242841501700,0.8946037637605838,-0.10028312816109018,0.8946038941509575,-0.10028301227188567,0.9999999999999849
NGC3813 ,587739096986157074,3.060046333080563,0.6378619910678636,3.06004627588073,0.6378620390190307,0.9999999999999978
NGC5587 ,587736809915547655,3.7619636530258704,0.242915972490122,3.7619634940551387,0.2429158120718647,0.9999999999999754
NGC4096 ,588017111295197219,3.1678547973774767,0.8286551017105765,3.1678557466799995,0.8286551078344552,0.9999999999997943
NGC4602 ,587725039022571689,3.3188053573227383,-0.08958775050486893,3.3165499873390996,-0.06495560895766363,0.9996941163359632
NGC255 ,587727177917726849,0.20851640559793974,-0.20016657592347367,0.20884675283064086,-0.19503853280067066,0.9999867991543774
NGC1385 ,587727177934897227,0.9489390049678209,-0.4276109027263667,0.9000079201803146,-0.1423779597642445,0.9585180354135283
NGC3877 ,588297864730181658,3.0810660313940317,0.8289327835945688,3.081073199109725,0.8289398345080294,0.9999999999634153
NGC4586 ,588010878226399343,3.3094641806331393,0.07538216665703668,3.309464476797432,0.0753822541040426,0.9999999999999526
NGC4771 ,587726031180660845,3.3743919996036555,0.022149799004134836,3.3743917648956345,0.02214989542966874,0.9999999999999678
NGC2815 ,587729149305094333,2.427443891713584,-0.4124780254469499,2.447790819575519,-0.04611143031267923,0.9334456541777105
NGC7392 ,587730815754174597,5.985660425855515,-0.359678848514393,5.99784619877941,-0.18457764974173527,0.9846406001501001
NGC1406 ,587727177934897227,0.9572621311047315,-0.5466619054000024,0.9000079201803146,-0.1423779597642445,0.9179986879522617
NGC5656 ,588017978904477723,3.7979460590166862,0.6164682686956927,3.7979461159747037,0.6164682620383263,0.9999999999999989
NGC787 ,587727179536269325,0.5271342890640638,-0.1571244876412659,0.5271343074155149,-0.1571245470776567,0.999999999999998
IC764 ,587725039019557020,3.1862577235434304,-0.519005243539975,3.198154062329717,-0.06541399045987241,0.8988179168797987
NGC716 ,587724197209636898,0.49303230080934657,0.2218046443909238,0.4930322433240409,0.22180469623429036,0.9999999999999971
NGC7721 ,587727876380491894,6.190730155246617,-0.11375811718403761,6.193111569069477,-0.14995006674584024,0.9993423572554886
NGC7184 ,587730815748931685,5.771209028136169,-0.3632524101578514,5.785164716654332,-0.16799813531494784,0.9809086246914491
NGC5616 ,587736942518993010,3.771416530787597,0.6363718289525108,3.7714165723639406,0.6363719333747972,0.999999999999994
NGC3185 ,587741829115936840,2.694974940776283,0.3785313714956602,2.694972633942863,0.378533754121263,0.9999999999948641
NGC4192 ,587738569239691439,3.2018272822016964,0.26005981813368667,3.200304427981534,0.2610748258769904,0.9999984022995316
NGC3917 ,587732134847512661,3.10126333056396,0.9045109507266045,3.101263594011148,0.904510811272839,0.9999999999999769
NGC4593 ,587725039022440650,3.314629308021491,-0.09327493308263216,3.3121728779761708,-0.06510072638977521,0.9996001357472045
NGC1415 ,587727177935683716,0.9640661226607061,-0.3938242954674849,0.9327503204347392,-0.13850900982211822,0.9671352879894329
NGC3726 ,588017111292772356,3.025318993354856,0.8208145591118424,3.025319682646185,0.8208150149683718,0.9999999999997857
NGC4274 ,587739720287060020,3.228174947122728,0.5168701822660103,3.227811016704917,0.5168319361258125,0.9999999492161453
NGC4845 ,587726014001512533,3.394752137992795,0.02750359648462744,3.3947518788352773,0.02750367145260408,0.9999999999999637
NGC1353 ,587727177934897227,0.9252440659768956,-0.36336306403242785,0.9000079201803146,-0.1423779597642445,0.9753873841407757
NGC5559 ,587739828738392214,3.74902430555036,0.4328194888130934,3.749024263546114,0.4328195723603135,0.9999999999999957
NGC1309 ,587727177934110866,0.8818682707417065,-0.26878175200467797,0.8688054237981998,-0.14628792734569662,0.9924256318043486
NGC4220 ,588298663573454909,3.21225754434454,0.8357205435885,3.2122574511268533,0.8357202773787524,0.9999999999999625
NGC5533 ,588017977829556432,3.7355676424845585,0.6168662037651474,3.736254159798439,0.6173703721515414,0.9999997161693983
NGC1964 ,587727177940009179,1.4545690923180628,-0.38302611791832114,1.1050641967232455,-0.11354016508182058,0.9081921991690417
NGC3003 ,587738947207233540,2.568255659501085,0.5833152159552849,2.568221983813078,0.5833171243372849,0.9999999996031745
NGC1337 ,587727177935028316,0.9080045762903216,-0.14640886416572152,0.905104876459208,-0.1413297337765604,0.9999829835653424
NGC3200 ,587725081970409596,2.699191656249101,-0.31385435633865594,2.7061481192401495,-0.056566270629855066,0.9670606267383204
NGC3079 ,587729387681808391,2.6265608266249085,0.9717956623190135,2.6265895829325285,0.9718012107158815,0.999999999853173
NGC3626 ,587742571074683149,2.967336886675577,0.32038729826179585,2.967631413207538,0.31940771884848,0.9999994811283865
UGC8267 ,588017604151541855,3.452213263890354,0.7631684283135721,3.4522129024373607,0.7631684558385436,0.9999999999999654
UGC8778 ,587738574073299044,3.630769871147335,0.6643950099554571,3.6307697963560495,0.6643948783147626,0.9999999999999897
NGC3169 ,587728879266234597,2.6801748977852218,0.060494508137525056,2.6791945767588325,0.0624037010489023,0.9999976987897231
NGC4772 ,587726032254402754,3.37496952905314,0.03784537043439464,3.3749596727007214,0.0364498205840818,0.999999026171959
MCG-02-03-015 ,587727179528339473,0.20845322467901756,-0.17165400459826832,0.20845303115866415,-0.171653912884153,0.9999999999999776
IC944 ,587738569786982415,3.62816653803506,0.2459556379153953,3.628166293030906,0.2459554430790916,0.9999999999999528
IC540 ,587732772111974531,2.487845373801978,0.1379290074619819,2.4878459911000284,0.13792903490088565,0.9999999999998127
UGC6036 ,588017977275121756,2.8619954452763565,0.6433548912897402,2.8619952761723653,0.6433548962749956,0.9999999999999907
MCG-02-02-040 ,587727225693536418,0.1378605905553037,-0.18336970173520542,0.13786682144230486,-0.18337076988022277,0.9999999999806629
NGC6314 ,587733399190634661,4.505765035294687,0.40613933866955687,4.505764859172064,0.40613960438876395,0.9999999999999516
NGC681 ,587727177924345886,0.47638971372695466,-0.18197553272871236,0.4763906869248145,-0.18197640574462604,0.999999999999161
IC2247 ,588016878289027110,2.164142648093094,0.40490975421152686,2.1641420615528757,0.40490947033813796,0.9999999999998144
UGC10205 ,588018089471115524,4.217892173799995,0.5253280478211748,4.217892279651508,0.5253278573734405,0.9999999999999777
NGC4605 ,588009370692288564,3.316080549294525,1.0752832149867653,3.3152511419256427,1.0751612952922107,0.9999999147867263
NGC1542 ,587731514234306656,1.1224051849284349,0.08345536164506166,1.0415021228837114,0.021904559810944323,0.9948476450733691
UGC5111 ,587738066201870483,2.5170833039643123,1.1656773076060558,2.5170970192395674,1.1656759451134049,0.9999999999844615
UGC5498 ,588023045873336455,2.6707173076345145,0.4029528910541908,2.6708062784631923,0.40298518449269755,0.9999999961293196
NGC4517 ,587722983354269713,3.2845344211964282,0.002007652238569077,3.2845157641043508,0.001984212635989705,0.9999999995512496
UGC9665 ,587733412060135596,3.9337143488646995,0.8433385567076049,3.933714988220343,0.8433380377167777,0.9999999999997748
UGC3107 ,587731514234306656,1.210228058493687,0.1665824268578232,1.0415021228837114,0.021904559810944323,0.9755518503271434
NGC3067 ,587739158191145031,2.6108001544135493,0.5649611590083873,2.610799512738555,0.5649602524700569,0.9999999999994422
NGC3495 ,587728878734540871,2.885336780560828,0.06331932353187789,2.8846050401293635,0.06293351789776686,0.9999996589204408
UGC10297 ,587745970539463123,4.256335843101973,0.3299520516285752,4.25551439029079,0.330733045880429,0.9999993931301124
NGC3627 ,588017567630950406,2.968147941178979,0.22674514790454414,2.968430067957816,0.2267160735947458,0.9999999617906393
NGC6503 ,587730844207087836,4.666314557060067,1.2242502082371347,4.616423393533035,1.2212814706375343,0.9998508669823494
NGC4451 ,587732770520629477,3.2667142604677153,0.16159671931657618,3.2661124094826333,0.16167735774995948,0.9999998203271939
MCG-02-51-004 ,587727212536070769,5.304335547622787,-0.23774927430544318,5.387682800698097,-0.11873291394707804,0.9895759377015849
NGC5980 ,587742614559654021,4.108097873880161,0.2755468227183332,4.108100817480378,0.2755468660719854,0.9999999999959873
NGC3672 ,587725039014314099,2.9890559384203197,-0.17096180701692734,2.987823040618975,-0.06356032271749149,0.9942372551127894
NGC6132 ,587742645702492204,4.291971277637493,0.20570869443025647,4.2919711342480475,0.20570873896301303,0.9999999999999891
NGC4450 ,587742774024798215,3.2659204847239085,0.29818845550568,3.266315198035642,0.29822387067897976,0.9999999281980058
NGC3675 ,588017604143284227,2.993863622377863,0.7607178115108469,2.9947995802767644,0.7609633304320405,0.9999997401038435
NGC3227 ,587742061597884631,2.7205740339811344,0.34671052857329954,2.71998191212472,0.34757096918580127,0.9999994748071506
NGC6907 ,587727212267766748,5.345552894172036,-0.43300170118700165,5.394297879573015,-0.12059508066514492,0.9505263031572495
NGC7479 ,587730772809023736,6.042958887066788,0.21507500386108402,6.038021149509374,0.22616862468931395,0.9999268599935336
NGC4698 ,588017726551031926,3.3526980806001414,0.14813272586791632,3.352613987901029,0.14794349905120124,0.9999999786377385
NGC1637 ,587724242846613710,1.2281429906007832,-0.04988081189029714,1.099538307727001,-0.07286103294578965,0.9915099302534539
NGC3160 ,588016892785590409,2.6787222602487866,0.6779354488253543,2.678725421180997,0.677937137289313,0.999999999995544
NGC2280 ,587725074716099033,1.7663538372297036,-0.48238474517463,2.1283545861119872,-0.0069221893562708345,0.8316679732211618
UGC1057 ,587724232105984180,0.38784549558185316,0.24074705182866862,0.3878451460812447,0.24074723708259468,0.9999999999999252
NGC5033 ,587739097531088927,3.4621125968747406,0.6386847392772538,3.462162886149369,0.6386356899927361,0.9999999979819323
UGC10331 ,587739863098589197,4.264503460402531,1.0353314066781387,4.264503204906051,1.0353315765759215,0.999999999999977
NGC7331 ,587727223553261824,5.921321306441697,0.600664137785959,5.96231338598701,0.26312261366851364,0.9429025231183081
NGC5005 ,587739098067697731,3.4511145791262234,0.6468052326880078,3.449301142680904,0.6464103241703701,0.9999988745957312
NGC1035 ,587727179540463625,0.6958838912540883,-0.14194658086714762,0.6958872449833723,-0.14195797781071606,0.9999999999295436
NGC1056 ,588848899934388352,0.710370822177342,0.4987136965904385,4.007879904552684,-17357.919293075716,0.983997230274124
NGC949 ,588848899934388352,0.6580364264245914,0.6481590845887798,4.007879904552684,-17357.919293075716,0.9855806534557778
NGC7364 ,587731186195628090,5.9533449566231385,-0.0028290041845576088,5.953344951279604,-0.0028288818816039787,0.9999999999999926
NGC1093 ,588848899934388352,0.7342127178912854,0.6007384888120939,4.007879904552684,-17357.919293075716,0.993969084632631
NGC7738 ,588015509804482600,6.213521886349635,0.009016894514578305,6.213521858764409,0.009016610528946006,0.9999999999999594
NGC4310 ,587739719750451234,3.2394982942438166,0.5097937448137992,3.2394981708981696,0.5097938098445438,0.9999999999999919
UGC7901 ,587742901790048271,3.332315776529501,0.2861186310635132,3.3323168556880622,0.2861175351442006,0.9999999999988636
IC1755 ,587724233719546027,0.5112205514773047,0.25394331177007257,0.5112204285550326,0.25394312526104185,0.9999999999999755
MCG-02-02-030 ,587727177915826302,0.131431146656807,-0.1939696098813426,0.13143159143086097,-0.19396932277060708,0.9999999999998634
NGC4321 ,587735349649211424,3.241573141658588,0.27614285265788924,3.2411621590877404,0.27653214869056136,0.9999998460575358
NGC6015 ,587742782600904712,4.151354986726215,1.0875151805164422,4.151357151040044,1.0875157915047018,0.9999999999993077
NGC3900 ,587741601492238440,3.0942841079510854,0.47162356860560856,3.0943980352584104,0.47232895606511366,0.9999997460660132
UGC9892 ,588018253755121840,4.07039492231273,0.7189262516376931,4.070394692896897,0.7189264395998499,0.9999999999999676
NGC7782 ,587730772814266568,6.256561007572113,0.13911251522775922,6.253234708080168,0.23811659729362755,0.9950977736042712
UGC36 ,587731187815284845,0.02282663768805824,0.118193696945056,0.030662486316244526,0.022013902722853033,0.9953478094914587
NGC1421 ,587727177936142531,0.970787036544286,-0.23541053310777077,0.9512475719230729,-0.13603632546920508,0.9948825360715906
UGC10384 ,587742062172831804,4.305631446094076,0.20211383976992375,4.305631457834278,0.2021136865459939,0.9999999999999881
NGC4501 ,587738568704851975,3.28115790722552,0.2516832849216651,3.282621654920651,0.2525131659971524,0.9999986510238017
UGC7145 ,587739098599260271,3.184570688288453,0.66704058003563,3.184570260836951,0.6670407528368082,0.9999999999999287
NGC157 ,587727227841347766,0.15175341140117857,-0.14654552344615268,0.15092936207273458,-0.15261379464992908,0.9999812561134473
NGC3175 ,587725081970344130,2.682142756516845,-0.503912508833354,2.702441563485523,-0.05644756065564192,0.9013667491038082
NGC3949 ,588017111831150661,3.1140834720515596,0.8352920652571354,3.114083539116761,0.8352920979602125,0.9999999999999986
UGC9873 ,588018254828339347,4.057210705143165,0.7440151851021863,4.057210632780958,0.744015016878979,0.9999999999999843
NGC5678 ,588011218064769056,3.8052256527938293,1.0109198354963442,3.8052255441724783,1.0109210459402722,0.9999999999992657
NGC3312 ,587725081972834475,2.7796204424382798,-0.4811012300427133,2.8011885022669945,-0.05919230183857935,0.9121030725120304
NGC5248 ,588017990689751070,3.5671637900193542,0.15507564563234977,3.56716364458859,0.1550756872453464,0.9999999999999888
NGC169 ,587724234247831955,0.16083209057127745,0.418720544582558,0.15706701183623722,0.28269460445953787,0.9907565095974997
NGC5426 ,587729772073582641,3.6800885124855647,-0.10592595216571306,3.6817931228545655,-0.05884733726135396,0.9988905644739895
NGC3521 ,587722983344767134,2.90514277691246,-0.0006258750697651666,2.9050496363526426,0.0017985343561168759,0.9999970567833333
IC5376 ,587727223561322779,0.0058009508348535535,0.6025874906216566,0.013268642517890578,0.28308564242494827,0.9493699444438829
IC 2101 ,587727177940009179,1.2727988103093848,-0.10875914514047545,1.1050641967232455,-0.11354016508182058,0.9861268249356477
UGC5598 ,587742014882578623,2.7150057355355717,0.35935299554304573,2.715005436294822,0.35935297089047946,0.9999999999999605
NGC2782 ,587732153640288368,2.4176527691428213,0.7001161401572494,2.417654305709035,0.7001152289224648,0.9999999999988943
NGC6978 ,587727214416953538,5.465457537382821,-0.09967802250942374,5.465457460286967,-0.09967785397006462,0.9999999999999828
NGC6181 ,588017977844302182,4.329940740981704,0.346038751344207,4.332308499993605,0.3473650118074955,0.9999966410355513
NGC1961 ,587738068346536180,1.492594580731263,1.2108822078973347,2.2805193566712627,1.1058819793215902,0.9479608296676509
NGC4625 ,588017719573086260,3.324322866687068,0.7203664973364389,3.3243227569242713,0.7203664766583642,0.9999999999999962
NGC6186 ,587736618792059114,4.338996207272751,0.37595945430992134,4.338996604410153,0.3759588964057847,0.9999999999997762
NGC5303 ,587738574072905835,3.6117400227140646,0.6685419122581956,3.6117397380874805,0.6685417047552207,0.9999999999999536
NGC2715 ,587738068350927055,2.391551893778022,1.3628433134795006,2.609535011236931,1.2264233456404714,0.9890597774651682
NGC5395 ,588017978901528612,3.659226941002327,0.6531803968467675,3.6592260793563134,0.6531808403460394,0.9999999999996676
UGC5359 ,587742062132265068,2.61302335481474,0.33536466670486004,2.6130229168840367,0.33536461857091676,0.9999999999999134
UGC148 ,588290882175762488,0.06917909196252364,0.2808196369215333,0.0691801600660667,0.28082037000274196,0.9999999999992047
NGC4088 ,588295842323628034,3.1658956652921133,0.8820724742641898,3.1658970543444083,0.8820778802795268,0.9999999999849978
NGC2347 ,587738068345159865,1.902677316312776,1.1293837094096093,2.208922919997382,1.062532124517067,0.9880926554279509
NGC6946 ,587730844209840237,5.388145734704779,1.0498837874483422,4.665766913844709,1.1128008636157272,0.9430615621815778
IC1683 ,587724234252615797,0.3606286566933284,0.6010379873117361,0.3544427046020827,0.27488191303510945,0.9472657610968644
NGC3646 ,587742573759234163,2.9745559175276757,0.3520250561456223,2.9734453398127942,0.3535964171169368,0.9999982223518926
NGC4651 ,587742901790048271,3.332315776529501,0.2861186310635132,3.3323168556880622,0.2861175351442006,0.9999999999988636
NGC6106 ,587736812601737340,4.27076011670508,0.12934443100312257,4.270746009896292,0.12932007336083653,0.9999999996055067
UGC11792 ,587731187799425218,5.68197680119993,0.09800564802016279,5.6801808603392345,0.021926859341433267,0.9971057999746754
NGC2903 ,588023047479885973,2.4965559630328316,0.3752602754115724,2.496394603901154,0.37744113466159573,0.9999976106675312
NGC4062 ,587739505005297793,3.159324500658355,0.5566869020905326,3.159324214259546,0.556686513443491,0.9999999999998949
NGC3623 ,588017705073639478,2.962399350221685,0.2285047888564048,2.9622958349404827,0.22905900340371976,0.9999998413409853
NGC6951 ,587730844207219059,5.3984553945963105,1.1537610721380642,4.622196741485748,1.2146404952204548,0.9576903796680983
NGC6394 ,587725577499181249,4.58304699284252,1.0409122714943158,4.583047244039155,1.040912413662405,0.9999999999999818
NGC5949 ,587739862021374010,4.049212908378826,1.1303310741275916,4.049212521969893,1.1303306183235897,0.9999999999998825
NGC7625 ,587727223556931890,6.110843468323107,0.30064273749983444,6.1129871224059,0.2752675933277539,0.9996759563553255
NGC801 ,588848899934388352,0.5399488454980566,0.6677406315986049,4.007879904552684,-17357.919293075716,0.9651233358587741
NGC4666 ,588848899380740136,3.338567022311369,-0.00806150128203661,3.338520108160522,-0.008104522976589418,0.99999999797417
NGC3815 ,587742190438252630,3.0615471417043527,0.43285038114085367,3.0615470113718213,0.4328503817543893,0.9999999999999931
NGC4258 ,588017110759243820,3.2243142788173165,0.8256100257646221,3.224156579303429,0.8251916932137082,0.9999999067785419
NGC4293 ,587742775634624545,3.2341598556607414,0.32083322988568047,3.23415505023435,0.3208386089743309,0.9999999999751348
UGC12519 ,587727223556800732,6.108853792975834,0.2784280122475254,6.1080299568065355,0.2746562638203545,0.9999925729108906
NGC4632 ,588848899917348873,3.3271815414689097,-0.0014416419621473163,3.3272926531732288,-0.0013051616800850794,0.9999999845136724
NGC5692 ,587726100412301389,3.8323150826469585,0.05952148707953822,3.8323158704684595,0.059521986500397715,0.999999999999566
NGC772 ,587724234256613450,0.5206592920720899,0.33174398117159776,0.5177158787685814,0.2607928900635399,0.9974800699068346
NGC1667 ,587727177940009179,1.2593379584533786,-0.11030428512726602,1.1050641967232455,-0.11354016508182058,0.9882663358115665
NGC2841 ,587728931345072215,2.452379236203902,0.8897081152087398,2.452382991503661,0.8897095824144242,0.9999999999961283
NGC5055 ,588017721723322421,3.4724292380832793,0.7335493182426024,3.4716992769273887,0.73468416909371,0.9999992092075722
NGC2613 ,587725073913676308,2.2400457955318505,-0.40096618276664564,2.2457607778483966,-0.011889472223369195,0.9252446553950083
UGC3969 ,587731872846119109,2.0125354952832324,0.48195766310666693,2.012535049302617,0.48195627249560485,0.9999999999989551
NGC2410 ,587727867252506942,1.9854764341590878,0.5728538869517561,1.9854765073594358,0.5728536272373334,0.9999999999999645
NGC5635 ,587739457223655508,3.7896742455597843,0.478376596547425,3.7896729749079734,0.47837742422666596,0.9999999999990214
NGC7591 ,587731187809845479,6.1011095925518095,0.11494406841076776,6.097736962001197,0.02199393861765557,0.9956775975761772
NGC4580 ,587729159500988440,3.3065545422371394,0.09369834995916598,3.306554412206655,0.09369845870795993,0.9999999999999858
NGC2683 ,588297863640973320,2.3242933621243926,0.5833194047454896,2.324242257142771,0.58231759356098,0.9999994972769256
NGC3198 ,587732152572313657,2.7048932978495164,0.7949908420322594,2.7042701124537256,0.7944389375939898,0.9999997524197752
NGC4527 ,587726032789176338,3.290558076043836,0.04631510422847272,3.290559590018281,0.04631692695746127,0.9999999999971952
NGC972 ,588848899934388352,0.6729247830758037,0.5115783439739635,4.007879904552684,-17357.919293075716,0.9809139341316406
NGC7536 ,587727220871790648,6.083430978025434,0.23433471215684146,6.083431393507782,0.23433453325333256,0.9999999999999024
NGC1097 ,587727177929654390,0.7256969074049546,-0.528396511179106,0.6910775122505733,-0.16615341240518386,0.9345939388156183
NGC3368 ,588017703996358738,2.8220329904592933,0.20629687038817857,2.821646119637421,0.2065230495243563,0.9999999027302915
UGC3944 ,587725550654521682,2.0010564647928657,0.6568286585822112,2.0010567782454993,0.6568283926409354,0.9999999999999338
UGC2405 ,587731514227490840,0.7677703379523056,0.11335581879145291,0.7702581428801651,0.021859926177549976,0.9958140960956138
NGC2639 ,588007003626471497,2.2847871363738,0.8762523248075643,2.284738461364564,0.8762091453906208,0.9999999985824668
NGC1084 ,587727180078055546,0.7243050073264892,-0.13226925376361467,0.7248687807488496,-0.13290656144152507,0.9999996407766673
NGC3718 ,587732136993882121,3.021954173089936,0.9262099311849492,3.021953676730497,0.9262096830081756,0.9999999999999247
NGC4569 ,588017704545026179,3.3022933208683956,0.2297366422424624,3.301116685778081,0.2297665134396892,0.9999993432206111
UGC4132 ,587731886270513303,2.090980889310444,0.5744695382403271,2.0909805723294874,0.5744694417717489,0.99999999999996
NGC5448 ,588017712049225731,3.6775563888067713,0.8582253425624905,3.67755616990166,0.8582248344160172,0.9999999999998606
NGC3310 ,587731870702633039,2.7871351320656665,0.9338101419456837,2.787171678135408,0.933769182382326,0.9999999989249018
NGC7311 ,587731187805257849,5.908427512059664,0.09721291947390696,5.912775705184065,0.021667976186855835,0.9971384310745622
UGC10972 ,587729409160577595,4.652894371375632,0.46327583332624483,4.581774437637815,0.4562764889141502,0.9979453636403789
NGC2403 ,587738068345487568,1.9934133189325318,1.1449806697371312,2.224764036324908,1.0729542774475713,0.9921519861965741
NGC7541 ,587731187809452096,6.085664301336286,0.07913951147073009,6.081563023572077,0.021535780618887154,0.9983329818506146
NGC7787 ,588015509805793362,6.266300991995793,0.009590235173858442,6.2663005065322706,0.009589960639536549,0.9999999999998447
NGC24 ,587727177913598078,0.04338155482172066,-0.43568898463629724,0.03965693355118217,-0.1962495844535233,0.9714649105765584
NGC6207 ,587733610165895384,4.376685719804943,0.6428470004774098,4.376739212841604,0.6419925257953362,0.9999996340193649
NGC877 ,587724234258448481,0.6021124119992638,0.2538417336076065,0.5929872573023123,0.2523355283219485,0.9999598421196506
NGC7608 ,587730772810465472,6.105403800643416,0.1457374360024793,6.0979665891116195,0.2305535651807342,0.9963786291308838
NGC4414 ,587739607554326648,3.257009880760777,0.5449534025952251,3.258170035694751,0.5456498642526512,0.9999992655392262
NGC613 ,587727178190749880,0.4114737629953524,-0.513447242536999,0.3950573096755221,-0.1883880357432967,0.9475165239289242
NGC2775 ,587734691424829752,2.40129083100415,0.12283522555780972,2.3999504529895623,0.12331048511724119,0.9999990022957744
UGC1938 ,587724234258448481,0.6473811913411659,0.40517242626395206,0.5929872573023123,0.2523355283219485,0.987026964931997
NGC615 ,587727232132448294,0.4149288167826003,-0.12811257761706496,0.4153137262450707,-0.14346077897753257,0.9998821459538331
UGC5396 ,587735344265494665,2.6253010479708188,0.18773529379321885,2.625301698893999,0.1877350894742376,0.9999999999997746
NGC871 ,587724234258448481,0.5985556055166246,0.25390753252040665,0.5929872573023123,0.2523355283219485,0.9999842334656663
NGC4424 ,587734892219203603,3.2602467683915255,0.16442170924385419,3.260263256192215,0.16441157327492445,0.9999999998163487
NGC7631 ,587730772810989706,6.114955289507881,0.1434248747435868,6.117693199457376,0.2319548950836805,0.9960801663145387
NGC4826 ,587742060539871329,3.389112455580826,0.3784392181111549,3.389496698287533,0.37710884951960105,0.9999990512821719
NGC7466 ,587727223555490074,6.0303616241246685,0.4721576393567188,6.053126727705504,0.27116307040960597,0.979646171015972
NGC2742 ,587737808501932038,2.389176151600207,1.0555634379001821,2.389179715327758,1.055565578825169,0.9999999999961666
